step,value,wall_time
1,0.0,1765051039.144865
20,0.0,1765051391.8289742
40,0.0,1765051780.8355446
60,0.0,1765052149.201162
80,0.0,1765052507.9487216
100,0.0,1765052877.6563473
120,0.0,1765053249.6765366
140,0.0,1765053609.9647317
160,0.0,1765053975.9526973
180,0.0,1765054347.782104
200,0.0,1765054728.106522
220,0.0,1765055110.7706065
