step,value,wall_time
1,0.2609919607639313,1765051039.143868
20,0.0,1765051391.8279207
40,0.0,1765051780.833472
60,0.0,1765052149.200159
80,6.326310995063977e-06,1765052507.9477148
100,0.0,1765052877.6552193
120,0.0,1765053249.675532
140,0.0006199784693308175,1765053609.9636905
160,0.0026190928183496,1765053975.9516447
180,0.0019295249367132783,1765054347.780026
200,0.0030113242100924253,1765054728.1050155
220,0.00017713670968078077,1765055110.7695994
