step,value,wall_time
1,0.07334216684103012,1765051039.143868
20,-0.0,1765051391.8279207
40,-0.0,1765051780.83454
60,-0.0,1765052149.201162
80,1.763643950880578e-07,1765052507.9487216
100,-0.0,1765052877.6563473
120,-0.0,1765053249.6765366
140,4.704687307821587e-05,1765053609.9647317
160,0.00039642248884774745,1765053975.9526973
180,0.00020523346029222012,1765054347.781045
200,0.0004104831023141742,1765054728.106522
220,1.6757236153353006e-05,1765055110.7706065
