step,value,wall_time
1,0.2169102281332016,1765048779.7539313
