step,value,wall_time
1,0.8554290533065796,1765048779.7549407
