step,value,wall_time
1,0.2939996123313904,1765048779.7549407
