step,value,wall_time
1,-5.011279106140137,1765048779.7559457
