step,value,wall_time
1,-0.02104182168841362,1765048779.7559457
