step,value,wall_time
1,-45.56291198730469,1765048779.7559457
