step,value,wall_time
1,-55.343788146972656,1765048779.7528405
