step,value,wall_time
1,0.08398178219795227,1765048779.7528405
