step,value,wall_time
1,-4.74855375289917,1765048779.7559457
