step,value,wall_time
1,0.015551037155091763,1765048779.7549407
