step,value,wall_time
1,0.01743292808532715,1765048779.7539313
