step,value,wall_time
1,1.0140845775604248,1765048779.7539313
